chapter,season,season_code,patch_version,patch_type,release_date,source
1,1,ch1_s1,v1.10,Update,,https://fortnite.fandom.com/wiki/Season_1
1,1,ch1_s1,v1.8,Update,,https://fortnite.fandom.com/wiki/Season_1
1,1,ch1_s1,v1.8.1,Update,,https://fortnite.fandom.com/wiki/Season_1
1,1,ch1_s1,v1.8.2,Update,,https://fortnite.fandom.com/wiki/Season_1
1,1,ch1_s1,v1.9,Update,,https://fortnite.fandom.com/wiki/Season_1
1,1,ch1_s1,v1.9,Content_Update,,https://fortnite.fandom.com/wiki/Season_1
1,1,ch1_s1,v1.9.1,Update,,https://fortnite.fandom.com/wiki/Season_1
1,10,ch1_s10,v10.00,Update,,https://fortnite.fandom.com/wiki/Season_X
1,10,ch1_s10,v10.00,Content_Update,,https://fortnite.fandom.com/wiki/Season_X
1,10,ch1_s10,v10.00,Update,,https://fortnite.fandom.com/wiki/Season_X
1,10,ch1_s10,v10.10,Update,,https://fortnite.fandom.com/wiki/Season_X
1,10,ch1_s10,v10.10,Content_Update,,https://fortnite.fandom.com/wiki/Season_X
1,10,ch1_s10,v10.10,Update,,https://fortnite.fandom.com/wiki/Season_X
1,10,ch1_s10,v10.20,Update,,https://fortnite.fandom.com/wiki/Season_X
1,10,ch1_s10,v10.20,Content_Update,,https://fortnite.fandom.com/wiki/Season_X
1,10,ch1_s10,v10.20,Update,,https://fortnite.fandom.com/wiki/Season_X
1,10,ch1_s10,v10.20.2,Update,,https://fortnite.fandom.com/wiki/Season_X
1,10,ch1_s10,v10.30,Update,,https://fortnite.fandom.com/wiki/Season_X
1,10,ch1_s10,v10.30,Update,,https://fortnite.fandom.com/wiki/Season_X
1,10,ch1_s10,v10.31,Update,,https://fortnite.fandom.com/wiki/Season_X
1,10,ch1_s10,v10.31,Update,,https://fortnite.fandom.com/wiki/Season_X
1,10,ch1_s10,v10.40,Update,,https://fortnite.fandom.com/wiki/Season_X
1,10,ch1_s10,v10.40,Update,,https://fortnite.fandom.com/wiki/Season_X
1,10,ch1_s10,v10.40.1,Update,,https://fortnite.fandom.com/wiki/Season_X
1,10,ch1_s10,v10.41,Update,,https://fortnite.fandom.com/wiki/Season_X
1,2,ch1_s2,v1.11,Update,2017-12-14,https://fortnite.fandom.com/wiki/Season_2
1,2,ch1_s2,v1.11,Update,2017-12-19,https://fortnite.fandom.com/wiki/Season_2
1,2,ch1_s2,v1.11,Update,2017-12-23,https://fortnite.fandom.com/wiki/Season_2
1,2,ch1_s2,v1.11,Update,2018-01-02,https://fortnite.fandom.com/wiki/Season_2
1,2,ch1_s2,v2.10,Update,2018-01-10,https://fortnite.fandom.com/wiki/Season_2
1,2,ch1_s2,v2.2.0,Update,2018-01-18,https://fortnite.fandom.com/wiki/Season_2
1,2,ch1_s2,v2.30,Update,2018-01-25,https://fortnite.fandom.com/wiki/Season_2
1,2,ch1_s2,v2.40,Update,2018-01-31,https://fortnite.fandom.com/wiki/Season_2
1,2,ch1_s2,v2.42,Update,2018-02-08,https://fortnite.fandom.com/wiki/Season_2
1,2,ch1_s2,v2.50,Update,2018-02-13,https://fortnite.fandom.com/wiki/Season_2
1,2,ch1_s2,v1.11,Update,,https://fortnite.fandom.com/wiki/Season_2
1,2,ch1_s2,v2.2.0,Update,,https://fortnite.fandom.com/wiki/Season_2
1,2,ch1_s2,v2.50,Update,,https://fortnite.fandom.com/wiki/Season_2
1,3,ch1_s3,v3.00,Update,2018-02-22,https://fortnite.fandom.com/wiki/Season_3
1,3,ch1_s3,v3.10,Update,2018-02-27,https://fortnite.fandom.com/wiki/Season_3
1,3,ch1_s3,v3.20,Update,2018-03-07,https://fortnite.fandom.com/wiki/Season_3
1,3,ch1_s3,v3.30,Update,2018-03-14,https://fortnite.fandom.com/wiki/Season_3
1,3,ch1_s3,v3.31,Update,2018-03-22,https://fortnite.fandom.com/wiki/Season_3
1,3,ch1_s3,v3.40,Update,2018-03-29,https://fortnite.fandom.com/wiki/Season_3
1,3,ch1_s3,v3.40,Content_Update,2018-04-04,https://fortnite.fandom.com/wiki/Season_3
1,3,ch1_s3,v3.50,Update,2018-04-11,https://fortnite.fandom.com/wiki/Season_3
1,3,ch1_s3,v3.50,Content_Update,2018-04-19,https://fortnite.fandom.com/wiki/Season_3
1,3,ch1_s3,v3.60,Update,2018-04-24,https://fortnite.fandom.com/wiki/Season_3
1,3,ch1_s3,v3.00,Update,,https://fortnite.fandom.com/wiki/Season_3
1,3,ch1_s3,v3.10,Update,,https://fortnite.fandom.com/wiki/Season_3
1,3,ch1_s3,v3.30,Update,,https://fortnite.fandom.com/wiki/Season_3
1,3,ch1_s3,v3.40,Update,,https://fortnite.fandom.com/wiki/Season_3
1,3,ch1_s3,v3.50,Update,,https://fortnite.fandom.com/wiki/Season_3
1,3,ch1_s3,v3.60,Update,,https://fortnite.fandom.com/wiki/Season_3
1,4,ch1_s4,v4.00,Update,,https://fortnite.fandom.com/wiki/Season_4
1,4,ch1_s4,v4.00,Update,,https://fortnite.fandom.com/wiki/Season_4
1,4,ch1_s4,v4.10,Update,,https://fortnite.fandom.com/wiki/Season_4
1,4,ch1_s4,v4.10,Update,,https://fortnite.fandom.com/wiki/Season_4
1,4,ch1_s4,v4.20,Update,,https://fortnite.fandom.com/wiki/Season_4
1,4,ch1_s4,v4.20,Content_Update,,https://fortnite.fandom.com/wiki/Season_4
1,4,ch1_s4,v4.20,Update,,https://fortnite.fandom.com/wiki/Season_4
1,4,ch1_s4,v4.30,Update,,https://fortnite.fandom.com/wiki/Season_4
1,4,ch1_s4,v4.30,Content_Update,,https://fortnite.fandom.com/wiki/Season_4
1,4,ch1_s4,v4.30,Update,,https://fortnite.fandom.com/wiki/Season_4
1,4,ch1_s4,v4.4.1,Update,,https://fortnite.fandom.com/wiki/Season_4
1,4,ch1_s4,v4.40,Update,,https://fortnite.fandom.com/wiki/Season_4
1,4,ch1_s4,v4.40,Content_Update,,https://fortnite.fandom.com/wiki/Season_4
1,4,ch1_s4,v4.40,Update,,https://fortnite.fandom.com/wiki/Season_4
1,4,ch1_s4,v4.50,Update,,https://fortnite.fandom.com/wiki/Season_4
1,4,ch1_s4,v4.50,Content_Update,,https://fortnite.fandom.com/wiki/Season_4
1,4,ch1_s4,v4.50,Update,,https://fortnite.fandom.com/wiki/Season_4
1,5,ch1_s5,v5.00,Update,,https://fortnite.fandom.com/wiki/Season_5
1,5,ch1_s5,v5.00,Content_Update,,https://fortnite.fandom.com/wiki/Season_5
1,5,ch1_s5,v5.00,Update,,https://fortnite.fandom.com/wiki/Season_5
1,5,ch1_s5,v5.10,Update,,https://fortnite.fandom.com/wiki/Season_5
1,5,ch1_s5,v5.10,Content_Update,,https://fortnite.fandom.com/wiki/Season_5
1,5,ch1_s5,v5.10,Update,,https://fortnite.fandom.com/wiki/Season_5
1,5,ch1_s5,v5.20,Update,,https://fortnite.fandom.com/wiki/Season_5
1,5,ch1_s5,v5.20,Update,,https://fortnite.fandom.com/wiki/Season_5
1,5,ch1_s5,v5.21,Update,,https://fortnite.fandom.com/wiki/Season_5
1,5,ch1_s5,v5.21,Update,,https://fortnite.fandom.com/wiki/Season_5
1,5,ch1_s5,v5.30,Update,,https://fortnite.fandom.com/wiki/Season_5
1,5,ch1_s5,v5.30,Content_Update,,https://fortnite.fandom.com/wiki/Season_5
1,5,ch1_s5,v5.30,Update,,https://fortnite.fandom.com/wiki/Season_5
1,5,ch1_s5,v5.40,Update,,https://fortnite.fandom.com/wiki/Season_5
1,5,ch1_s5,v5.40,Content_Update,,https://fortnite.fandom.com/wiki/Season_5
1,5,ch1_s5,v5.40,Update,,https://fortnite.fandom.com/wiki/Season_5
1,5,ch1_s5,v5.41,Update,,https://fortnite.fandom.com/wiki/Season_5
1,5,ch1_s5,v5.41,Update,,https://fortnite.fandom.com/wiki/Season_5
1,6,ch1_s6,v6.00,Update,2018-09-27,https://fortnite.fandom.com/wiki/Season_6
1,6,ch1_s6,v6.00,Update,,https://fortnite.fandom.com/wiki/Season_6
1,6,ch1_s6,v6.01,Update,,https://fortnite.fandom.com/wiki/Season_6
1,6,ch1_s6,v6.01,Update,,https://fortnite.fandom.com/wiki/Season_6
1,6,ch1_s6,v6.02,Update,,https://fortnite.fandom.com/wiki/Season_6
1,6,ch1_s6,v6.02,Update,,https://fortnite.fandom.com/wiki/Season_6
1,6,ch1_s6,v6.10,Update,,https://fortnite.fandom.com/wiki/Season_6
1,6,ch1_s6,v6.10,Update,,https://fortnite.fandom.com/wiki/Season_6
1,6,ch1_s6,v6.20,Update,,https://fortnite.fandom.com/wiki/Season_6
1,6,ch1_s6,v6.20,Update,,https://fortnite.fandom.com/wiki/Season_6
1,6,ch1_s6,v6.21,Update,,https://fortnite.fandom.com/wiki/Season_6
1,6,ch1_s6,v6.21,Update,,https://fortnite.fandom.com/wiki/Season_6
1,6,ch1_s6,v6.22,Update,,https://fortnite.fandom.com/wiki/Season_6
1,6,ch1_s6,v6.22,Update,,https://fortnite.fandom.com/wiki/Season_6
1,6,ch1_s6,v6.30,Update,,https://fortnite.fandom.com/wiki/Season_6
1,6,ch1_s6,v6.30,Content_Update,,https://fortnite.fandom.com/wiki/Season_6
1,6,ch1_s6,v6.30,Update,,https://fortnite.fandom.com/wiki/Season_6
1,6,ch1_s6,v6.31,Update,,https://fortnite.fandom.com/wiki/Season_6
1,6,ch1_s6,v6.31,Update,,https://fortnite.fandom.com/wiki/Season_6
1,7,ch1_s7,v7.00,Update,,https://fortnite.fandom.com/wiki/Season_7
1,7,ch1_s7,v7.00,Update,,https://fortnite.fandom.com/wiki/Season_7
1,7,ch1_s7,v7.01,Update,,https://fortnite.fandom.com/wiki/Season_7
1,7,ch1_s7,v7.01,Update,,https://fortnite.fandom.com/wiki/Season_7
1,7,ch1_s7,v7.01,Update,,https://fortnite.fandom.com/wiki/Season_7
1,7,ch1_s7,v7.10,Update,,https://fortnite.fandom.com/wiki/Season_7
1,7,ch1_s7,v7.10,Content_Update,,https://fortnite.fandom.com/wiki/Season_7
1,7,ch1_s7,v7.10,Content_Update,,https://fortnite.fandom.com/wiki/Season_7
1,7,ch1_s7,v7.10,Content_Update,,https://fortnite.fandom.com/wiki/Season_7
1,7,ch1_s7,v7.10,Update,,https://fortnite.fandom.com/wiki/Season_7
1,7,ch1_s7,v7.20,Update,,https://fortnite.fandom.com/wiki/Season_7
1,7,ch1_s7,v7.20,Content_Update,,https://fortnite.fandom.com/wiki/Season_7
1,7,ch1_s7,v7.20,Update,,https://fortnite.fandom.com/wiki/Season_7
1,7,ch1_s7,v7.30,Update,,https://fortnite.fandom.com/wiki/Season_7
1,7,ch1_s7,v7.30,Content_Update,,https://fortnite.fandom.com/wiki/Season_7
1,7,ch1_s7,v7.30,Update,,https://fortnite.fandom.com/wiki/Season_7
1,7,ch1_s7,v7.40,Update,,https://fortnite.fandom.com/wiki/Season_7
1,7,ch1_s7,v7.40,Content_Update,,https://fortnite.fandom.com/wiki/Season_7
1,7,ch1_s7,v7.40,Update,,https://fortnite.fandom.com/wiki/Season_7
1,8,ch1_s8,v8.00,Update,,https://fortnite.fandom.com/wiki/Season_8
1,8,ch1_s8,v8.00,Update,,https://fortnite.fandom.com/wiki/Season_8
1,8,ch1_s8,v8.01,Update,,https://fortnite.fandom.com/wiki/Season_8
1,8,ch1_s8,v8.01,Update,,https://fortnite.fandom.com/wiki/Season_8
1,8,ch1_s8,v8.10,Update,,https://fortnite.fandom.com/wiki/Season_8
1,8,ch1_s8,v8.10,Update,,https://fortnite.fandom.com/wiki/Season_8
1,8,ch1_s8,v8.11,Update,,https://fortnite.fandom.com/wiki/Season_8
1,8,ch1_s8,v8.11,Update,,https://fortnite.fandom.com/wiki/Season_8
1,8,ch1_s8,v8.20,Update,,https://fortnite.fandom.com/wiki/Season_8
1,8,ch1_s8,v8.20,Update,,https://fortnite.fandom.com/wiki/Season_8
1,8,ch1_s8,v8.20,Content_Update,,https://fortnite.fandom.com/wiki/Season_8
1,8,ch1_s8,v8.30,Update,,https://fortnite.fandom.com/wiki/Season_8
1,8,ch1_s8,v8.30,Update,,https://fortnite.fandom.com/wiki/Season_8
1,8,ch1_s8,v8.40,Update,,https://fortnite.fandom.com/wiki/Season_8
1,8,ch1_s8,v8.40,Update,,https://fortnite.fandom.com/wiki/Season_8
1,8,ch1_s8,v8.50,Update,,https://fortnite.fandom.com/wiki/Season_8
1,8,ch1_s8,v8.50,Update,,https://fortnite.fandom.com/wiki/Season_8
1,8,ch1_s8,v8.51,Update,,https://fortnite.fandom.com/wiki/Season_8
1,8,ch1_s8,v8.51,Update,,https://fortnite.fandom.com/wiki/Season_8
1,9,ch1_s9,v9.00,Update,,https://fortnite.fandom.com/wiki/Season_9
1,9,ch1_s9,v9.00,Update,,https://fortnite.fandom.com/wiki/Season_9
1,9,ch1_s9,v9.01,Update,,https://fortnite.fandom.com/wiki/Season_9
1,9,ch1_s9,v9.01,Update,,https://fortnite.fandom.com/wiki/Season_9
1,9,ch1_s9,v9.10,Update,,https://fortnite.fandom.com/wiki/Season_9
1,9,ch1_s9,v9.10,Update,,https://fortnite.fandom.com/wiki/Season_9
1,9,ch1_s9,v9.10,Content_Update,,https://fortnite.fandom.com/wiki/Season_9
1,9,ch1_s9,v9.20,Update,,https://fortnite.fandom.com/wiki/Season_9
1,9,ch1_s9,v9.20,Update,,https://fortnite.fandom.com/wiki/Season_9
1,9,ch1_s9,v9.21,Update,,https://fortnite.fandom.com/wiki/Season_9
1,9,ch1_s9,v9.21,Update,,https://fortnite.fandom.com/wiki/Season_9
1,9,ch1_s9,v9.30,Update,,https://fortnite.fandom.com/wiki/Season_9
1,9,ch1_s9,v9.30,Update,,https://fortnite.fandom.com/wiki/Season_9
1,9,ch1_s9,v9.30,Content_Update,,https://fortnite.fandom.com/wiki/Season_9
1,9,ch1_s9,v9.30,Content_Update,,https://fortnite.fandom.com/wiki/Season_9
1,9,ch1_s9,v9.30,Content_Update,,https://fortnite.fandom.com/wiki/Season_9
1,9,ch1_s9,v9.40,Update,,https://fortnite.fandom.com/wiki/Season_9
1,9,ch1_s9,v9.40,Update,,https://fortnite.fandom.com/wiki/Season_9
1,9,ch1_s9,v9.41,Update,,https://fortnite.fandom.com/wiki/Season_9
1,9,ch1_s9,v9.41,Update,,https://fortnite.fandom.com/wiki/Season_9
2,1,ch2_s1,v11.00,Update,,https://fortnite.fandom.com/wiki/Chapter_2:_Season_1
2,1,ch2_s1,v11.00,Update,,https://fortnite.fandom.com/wiki/Chapter_2:_Season_1
2,1,ch2_s1,v11.10,Update,,https://fortnite.fandom.com/wiki/Chapter_2:_Season_1
2,1,ch2_s1,v11.10,Content_Update,,https://fortnite.fandom.com/wiki/Chapter_2:_Season_1
2,1,ch2_s1,v11.10,Update,,https://fortnite.fandom.com/wiki/Chapter_2:_Season_1
2,1,ch2_s1,v11.11,Update,,https://fortnite.fandom.com/wiki/Chapter_2:_Season_1
2,1,ch2_s1,v11.11,Update,,https://fortnite.fandom.com/wiki/Chapter_2:_Season_1
2,1,ch2_s1,v11.20,Update,,https://fortnite.fandom.com/wiki/Chapter_2:_Season_1
2,1,ch2_s1,v11.20,Update,,https://fortnite.fandom.com/wiki/Chapter_2:_Season_1
2,1,ch2_s1,v11.21,Update,,https://fortnite.fandom.com/wiki/Chapter_2:_Season_1
2,1,ch2_s1,v11.30,Update,,https://fortnite.fandom.com/wiki/Chapter_2:_Season_1
2,1,ch2_s1,v11.30,Update,,https://fortnite.fandom.com/wiki/Chapter_2:_Season_1
2,1,ch2_s1,v11.40,Update,,https://fortnite.fandom.com/wiki/Chapter_2:_Season_1
2,1,ch2_s1,v11.40,Update,,https://fortnite.fandom.com/wiki/Chapter_2:_Season_1
2,1,ch2_s1,v11.50,Update,,https://fortnite.fandom.com/wiki/Chapter_2:_Season_1
2,1,ch2_s1,v11.50,Update,,https://fortnite.fandom.com/wiki/Chapter_2:_Season_1
2,2,ch2_s2,v12.30,Update,2020-03-31,https://fortnite.fandom.com/wiki/Chapter_2:_Season_2
2,2,ch2_s2,v12.30,Update,2020-03-31,https://fortnite.fandom.com/wiki/Chapter_2:_Season_2
2,2,ch2_s2,v12.41,Update,2020-04-21,https://fortnite.fandom.com/wiki/Chapter_2:_Season_2
2,2,ch2_s2,v12.00,Update,,https://fortnite.fandom.com/wiki/Chapter_2:_Season_2
2,2,ch2_s2,v12.00,Update,,https://fortnite.fandom.com/wiki/Chapter_2:_Season_2
2,2,ch2_s2,v12.10,Update,,https://fortnite.fandom.com/wiki/Chapter_2:_Season_2
2,2,ch2_s2,v12.10,Update,,https://fortnite.fandom.com/wiki/Chapter_2:_Season_2
2,2,ch2_s2,v12.20,Update,,https://fortnite.fandom.com/wiki/Chapter_2:_Season_2
2,2,ch2_s2,v12.20,Update,,https://fortnite.fandom.com/wiki/Chapter_2:_Season_2
2,2,ch2_s2,v12.40,Update,,https://fortnite.fandom.com/wiki/Chapter_2:_Season_2
2,2,ch2_s2,v12.50,Update,,https://fortnite.fandom.com/wiki/Chapter_2:_Season_2
2,2,ch2_s2,v12.50,Update,,https://fortnite.fandom.com/wiki/Chapter_2:_Season_2
2,2,ch2_s2,v12.60,Update,,https://fortnite.fandom.com/wiki/Chapter_2:_Season_2
2,2,ch2_s2,v12.60,Update,,https://fortnite.fandom.com/wiki/Chapter_2:_Season_2
2,2,ch2_s2,v12.61,Update,,https://fortnite.fandom.com/wiki/Chapter_2:_Season_2
2,3,ch2_s3,v13.30,Update,2020-07-21,https://fortnite.fandom.com/wiki/Chapter_2:_Season_3
2,3,ch2_s3,v13.00,Update,,https://fortnite.fandom.com/wiki/Chapter_2:_Season_3
2,3,ch2_s3,v13.00,Update,,https://fortnite.fandom.com/wiki/Chapter_2:_Season_3
2,3,ch2_s3,v13.00,Content_Update,,https://fortnite.fandom.com/wiki/Chapter_2:_Season_3
2,3,ch2_s3,v13.10,Update,,https://fortnite.fandom.com/wiki/Chapter_2:_Season_3
2,3,ch2_s3,v13.20,Update,,https://fortnite.fandom.com/wiki/Chapter_2:_Season_3
2,3,ch2_s3,v13.20,Update,,https://fortnite.fandom.com/wiki/Chapter_2:_Season_3
2,3,ch2_s3,v13.20,Update,,https://fortnite.fandom.com/wiki/Chapter_2:_Season_3
2,3,ch2_s3,v13.30,Update,,https://fortnite.fandom.com/wiki/Chapter_2:_Season_3
2,3,ch2_s3,v13.30,Update,,https://fortnite.fandom.com/wiki/Chapter_2:_Season_3
2,3,ch2_s3,v13.40,Update,,https://fortnite.fandom.com/wiki/Chapter_2:_Season_3
2,3,ch2_s3,v13.40,Update,,https://fortnite.fandom.com/wiki/Chapter_2:_Season_3
2,3,ch2_s3,v13.40,Update,,https://fortnite.fandom.com/wiki/Chapter_2:_Season_3
2,4,ch2_s4,v14.40,Update,2020-10-21,https://fortnite.fandom.com/wiki/Chapter_2:_Season_4
2,4,ch2_s4,v14.00,Update,,https://fortnite.fandom.com/wiki/Chapter_2:_Season_4
2,4,ch2_s4,v14.00,Update,,https://fortnite.fandom.com/wiki/Chapter_2:_Season_4
2,4,ch2_s4,v14.10,Update,,https://fortnite.fandom.com/wiki/Chapter_2:_Season_4
2,4,ch2_s4,v14.10,Update,,https://fortnite.fandom.com/wiki/Chapter_2:_Season_4
2,4,ch2_s4,v14.20,Update,,https://fortnite.fandom.com/wiki/Chapter_2:_Season_4
2,4,ch2_s4,v14.20,Update,,https://fortnite.fandom.com/wiki/Chapter_2:_Season_4
2,4,ch2_s4,v14.30,Update,,https://fortnite.fandom.com/wiki/Chapter_2:_Season_4
2,4,ch2_s4,v14.30,Update,,https://fortnite.fandom.com/wiki/Chapter_2:_Season_4
2,4,ch2_s4,v14.40,Update,,https://fortnite.fandom.com/wiki/Chapter_2:_Season_4
2,4,ch2_s4,v14.50,Update,,https://fortnite.fandom.com/wiki/Chapter_2:_Season_4
2,4,ch2_s4,v14.50,Update,,https://fortnite.fandom.com/wiki/Chapter_2:_Season_4
2,4,ch2_s4,v14.60,Update,,https://fortnite.fandom.com/wiki/Chapter_2:_Season_4
2,4,ch2_s4,v14.60,Update,,https://fortnite.fandom.com/wiki/Chapter_2:_Season_4
2,5,ch2_s5,v15.00,Update,2020-12-02,https://fortnite.fandom.com/wiki/Chapter_2:_Season_5
2,5,ch2_s5,v15.00,Update,2020-12-02,https://fortnite.fandom.com/wiki/Chapter_2:_Season_5
2,5,ch2_s5,v15.10,Update,,https://fortnite.fandom.com/wiki/Chapter_2:_Season_5
2,5,ch2_s5,v15.10,Update,,https://fortnite.fandom.com/wiki/Chapter_2:_Season_5
2,5,ch2_s5,v15.20,Update,,https://fortnite.fandom.com/wiki/Chapter_2:_Season_5
2,5,ch2_s5,v15.20,Update,,https://fortnite.fandom.com/wiki/Chapter_2:_Season_5
2,5,ch2_s5,v15.21,Update,,https://fortnite.fandom.com/wiki/Chapter_2:_Season_5
2,5,ch2_s5,v15.21,Update,,https://fortnite.fandom.com/wiki/Chapter_2:_Season_5
2,5,ch2_s5,v15.30,Update,,https://fortnite.fandom.com/wiki/Chapter_2:_Season_5
2,5,ch2_s5,v15.30,Update,,https://fortnite.fandom.com/wiki/Chapter_2:_Season_5
2,5,ch2_s5,v15.40,Update,,https://fortnite.fandom.com/wiki/Chapter_2:_Season_5
2,5,ch2_s5,v15.40,Update,,https://fortnite.fandom.com/wiki/Chapter_2:_Season_5
2,5,ch2_s5,v15.50,Update,,https://fortnite.fandom.com/wiki/Chapter_2:_Season_5
2,5,ch2_s5,v15.50,Update,,https://fortnite.fandom.com/wiki/Chapter_2:_Season_5
2,6,ch2_s6,v16.00,Update,,https://fortnite.fandom.com/wiki/Chapter_2:_Season_6
2,6,ch2_s6,v16.00,Update,,https://fortnite.fandom.com/wiki/Chapter_2:_Season_6
2,6,ch2_s6,v16.10,Update,,https://fortnite.fandom.com/wiki/Chapter_2:_Season_6
2,6,ch2_s6,v16.10,Update,,https://fortnite.fandom.com/wiki/Chapter_2:_Season_6
2,6,ch2_s6,v16.10,Content_Update,,https://fortnite.fandom.com/wiki/Chapter_2:_Season_6
2,6,ch2_s6,v16.20,Update,,https://fortnite.fandom.com/wiki/Chapter_2:_Season_6
2,6,ch2_s6,v16.20,Update,,https://fortnite.fandom.com/wiki/Chapter_2:_Season_6
2,6,ch2_s6,v16.20,Content_Update,,https://fortnite.fandom.com/wiki/Chapter_2:_Season_6
2,6,ch2_s6,v16.30,Update,,https://fortnite.fandom.com/wiki/Chapter_2:_Season_6
2,6,ch2_s6,v16.30,Update,,https://fortnite.fandom.com/wiki/Chapter_2:_Season_6
2,6,ch2_s6,v16.30,Content_Update,,https://fortnite.fandom.com/wiki/Chapter_2:_Season_6
2,6,ch2_s6,v16.40,Update,,https://fortnite.fandom.com/wiki/Chapter_2:_Season_6
2,6,ch2_s6,v16.40,Update,,https://fortnite.fandom.com/wiki/Chapter_2:_Season_6
2,6,ch2_s6,v16.40,Content_Update,,https://fortnite.fandom.com/wiki/Chapter_2:_Season_6
2,6,ch2_s6,v16.50,Update,,https://fortnite.fandom.com/wiki/Chapter_2:_Season_6
2,6,ch2_s6,v16.50,Update,,https://fortnite.fandom.com/wiki/Chapter_2:_Season_6
2,7,ch2_s7,v17.00,Update,,https://fortnite.fandom.com/wiki/Chapter_2:_Season_7
2,7,ch2_s7,v17.00,Update,,https://fortnite.fandom.com/wiki/Chapter_2:_Season_7
2,7,ch2_s7,v17.10,Update,,https://fortnite.fandom.com/wiki/Chapter_2:_Season_7
2,7,ch2_s7,v17.10,Content_Update,,https://fortnite.fandom.com/wiki/Chapter_2:_Season_7
2,7,ch2_s7,v17.10,Update,,https://fortnite.fandom.com/wiki/Chapter_2:_Season_7
2,7,ch2_s7,v17.10,Content_Update,,https://fortnite.fandom.com/wiki/Chapter_2:_Season_7
2,7,ch2_s7,v17.10,Content_Update,,https://fortnite.fandom.com/wiki/Chapter_2:_Season_7
2,7,ch2_s7,v17.20,Update,,https://fortnite.fandom.com/wiki/Chapter_2:_Season_7
2,7,ch2_s7,v17.20,Update,,https://fortnite.fandom.com/wiki/Chapter_2:_Season_7
2,7,ch2_s7,v17.21,Update,,https://fortnite.fandom.com/wiki/Chapter_2:_Season_7
2,7,ch2_s7,v17.21,Update,,https://fortnite.fandom.com/wiki/Chapter_2:_Season_7
2,7,ch2_s7,v17.30,Update,,https://fortnite.fandom.com/wiki/Chapter_2:_Season_7
2,7,ch2_s7,v17.30,Content_Update,,https://fortnite.fandom.com/wiki/Chapter_2:_Season_7
2,7,ch2_s7,v17.30,Update,,https://fortnite.fandom.com/wiki/Chapter_2:_Season_7
2,7,ch2_s7,v17.30,Content_Update,,https://fortnite.fandom.com/wiki/Chapter_2:_Season_7
2,7,ch2_s7,v17.40,Update,,https://fortnite.fandom.com/wiki/Chapter_2:_Season_7
2,7,ch2_s7,v17.40,Update,,https://fortnite.fandom.com/wiki/Chapter_2:_Season_7
2,7,ch2_s7,v17.50,Update,,https://fortnite.fandom.com/wiki/Chapter_2:_Season_7
2,8,ch2_s8,v18.00,Update,,https://fortnite.fandom.com/wiki/Chapter_2:_Season_8
2,8,ch2_s8,v18.00,Content_Update,,https://fortnite.fandom.com/wiki/Chapter_2:_Season_8
2,8,ch2_s8,v18.00,Update,,https://fortnite.fandom.com/wiki/Chapter_2:_Season_8
2,8,ch2_s8,v18.00,Content_Update,,https://fortnite.fandom.com/wiki/Chapter_2:_Season_8
2,8,ch2_s8,v18.10,Update,,https://fortnite.fandom.com/wiki/Chapter_2:_Season_8
2,8,ch2_s8,v18.10,Content_Update,,https://fortnite.fandom.com/wiki/Chapter_2:_Season_8
2,8,ch2_s8,v18.10,Update,,https://fortnite.fandom.com/wiki/Chapter_2:_Season_8
2,8,ch2_s8,v18.10,Content_Update,,https://fortnite.fandom.com/wiki/Chapter_2:_Season_8
2,8,ch2_s8,v18.20,Update,,https://fortnite.fandom.com/wiki/Chapter_2:_Season_8
2,8,ch2_s8,v18.20,Update,,https://fortnite.fandom.com/wiki/Chapter_2:_Season_8
2,8,ch2_s8,v18.21,Update,,https://fortnite.fandom.com/wiki/Chapter_2:_Season_8
2,8,ch2_s8,v18.21,Update,,https://fortnite.fandom.com/wiki/Chapter_2:_Season_8
2,8,ch2_s8,v18.30,Update,,https://fortnite.fandom.com/wiki/Chapter_2:_Season_8
2,8,ch2_s8,v18.30,Update,,https://fortnite.fandom.com/wiki/Chapter_2:_Season_8
2,8,ch2_s8,v18.30,Content_Update,,https://fortnite.fandom.com/wiki/Chapter_2:_Season_8
2,8,ch2_s8,v18.30,Content_Update,,https://fortnite.fandom.com/wiki/Chapter_2:_Season_8
2,8,ch2_s8,v18.40,Update,,https://fortnite.fandom.com/wiki/Chapter_2:_Season_8
2,8,ch2_s8,v18.40,Content_Update,,https://fortnite.fandom.com/wiki/Chapter_2:_Season_8
2,8,ch2_s8,v18.40,Content_Update,,https://fortnite.fandom.com/wiki/Chapter_2:_Season_8
2,8,ch2_s8,v18.40,Update,,https://fortnite.fandom.com/wiki/Chapter_2:_Season_8
2,8,ch2_s8,v18.40,Content_Update,,https://fortnite.fandom.com/wiki/Chapter_2:_Season_8
3,1,ch3_s1,v19.00,Update,,https://fortnite.fandom.com/wiki/Chapter_3:_Season_1
3,1,ch3_s1,v19.00,Update,,https://fortnite.fandom.com/wiki/Chapter_3:_Season_1
3,1,ch3_s1,v19.01,Update,,https://fortnite.fandom.com/wiki/Chapter_3:_Season_1
3,1,ch3_s1,v19.01,Content_Update,,https://fortnite.fandom.com/wiki/Chapter_3:_Season_1
3,1,ch3_s1,v19.01,Content_Update,,https://fortnite.fandom.com/wiki/Chapter_3:_Season_1
3,1,ch3_s1,v19.01,Content_Update,,https://fortnite.fandom.com/wiki/Chapter_3:_Season_1
3,1,ch3_s1,v19.01,Content_Update,,https://fortnite.fandom.com/wiki/Chapter_3:_Season_1
3,1,ch3_s1,v19.10,Update,,https://fortnite.fandom.com/wiki/Chapter_3:_Season_1
3,1,ch3_s1,v19.10,Update,,https://fortnite.fandom.com/wiki/Chapter_3:_Season_1
3,1,ch3_s1,v19.10,Content_Update,,https://fortnite.fandom.com/wiki/Chapter_3:_Season_1
3,1,ch3_s1,v19.20,Update,,https://fortnite.fandom.com/wiki/Chapter_3:_Season_1
3,1,ch3_s1,v19.20,Update,,https://fortnite.fandom.com/wiki/Chapter_3:_Season_1
3,1,ch3_s1,v19.20,Content_Update,,https://fortnite.fandom.com/wiki/Chapter_3:_Season_1
3,1,ch3_s1,v19.30,Update,,https://fortnite.fandom.com/wiki/Chapter_3:_Season_1
3,1,ch3_s1,v19.30,Content_Update,,https://fortnite.fandom.com/wiki/Chapter_3:_Season_1
3,1,ch3_s1,v19.30,Update,,https://fortnite.fandom.com/wiki/Chapter_3:_Season_1
3,1,ch3_s1,v19.30,Content_Update,,https://fortnite.fandom.com/wiki/Chapter_3:_Season_1
3,1,ch3_s1,v19.40,Update,,https://fortnite.fandom.com/wiki/Chapter_3:_Season_1
3,1,ch3_s1,v19.40,Content_Update,,https://fortnite.fandom.com/wiki/Chapter_3:_Season_1
3,1,ch3_s1,v19.40,Update,,https://fortnite.fandom.com/wiki/Chapter_3:_Season_1
3,1,ch3_s1,v19.40,Content_Update,,https://fortnite.fandom.com/wiki/Chapter_3:_Season_1
3,2,ch3_s2,v20.00,Update,,https://fortnite.fandom.com/wiki/Chapter_3:_Season_2
3,2,ch3_s2,v20.00,Update,,https://fortnite.fandom.com/wiki/Chapter_3:_Season_2
3,2,ch3_s2,v20.00,Content_Update,,https://fortnite.fandom.com/wiki/Chapter_3:_Season_2
3,2,ch3_s2,v20.10,Update,,https://fortnite.fandom.com/wiki/Chapter_3:_Season_2
3,2,ch3_s2,v20.10,Content_Update,,https://fortnite.fandom.com/wiki/Chapter_3:_Season_2
3,2,ch3_s2,v20.10,Update,,https://fortnite.fandom.com/wiki/Chapter_3:_Season_2
3,2,ch3_s2,v20.10,Content_Update,,https://fortnite.fandom.com/wiki/Chapter_3:_Season_2
3,2,ch3_s2,v20.20,Update,,https://fortnite.fandom.com/wiki/Chapter_3:_Season_2
3,2,ch3_s2,v20.20,Content_Update,,https://fortnite.fandom.com/wiki/Chapter_3:_Season_2
3,2,ch3_s2,v20.20,Update,,https://fortnite.fandom.com/wiki/Chapter_3:_Season_2
3,2,ch3_s2,v20.20,Content_Update,,https://fortnite.fandom.com/wiki/Chapter_3:_Season_2
3,2,ch3_s2,v20.30,Update,,https://fortnite.fandom.com/wiki/Chapter_3:_Season_2
3,2,ch3_s2,v20.30,Update,,https://fortnite.fandom.com/wiki/Chapter_3:_Season_2
3,2,ch3_s2,v20.30,Content_Update,,https://fortnite.fandom.com/wiki/Chapter_3:_Season_2
3,2,ch3_s2,v20.40,Update,,https://fortnite.fandom.com/wiki/Chapter_3:_Season_2
3,2,ch3_s2,v20.40,Update,,https://fortnite.fandom.com/wiki/Chapter_3:_Season_2
3,2,ch3_s2,v20.40,Content_Update,,https://fortnite.fandom.com/wiki/Chapter_3:_Season_2
3,3,ch3_s3,v21.00,Update,,https://fortnite.fandom.com/wiki/Chapter_3:_Season_3
3,3,ch3_s3,v21.00,Content_Update,,https://fortnite.fandom.com/wiki/Chapter_3:_Season_3
3,3,ch3_s3,v21.00,Update,,https://fortnite.fandom.com/wiki/Chapter_3:_Season_3
3,3,ch3_s3,v21.00,Content_Update,,https://fortnite.fandom.com/wiki/Chapter_3:_Season_3
3,3,ch3_s3,v21.10,Update,,https://fortnite.fandom.com/wiki/Chapter_3:_Season_3
3,3,ch3_s3,v21.10,Content_Update,,https://fortnite.fandom.com/wiki/Chapter_3:_Season_3
3,3,ch3_s3,v21.10,Update,,https://fortnite.fandom.com/wiki/Chapter_3:_Season_3
3,3,ch3_s3,v21.10,Content_Update,,https://fortnite.fandom.com/wiki/Chapter_3:_Season_3
3,3,ch3_s3,v21.20,Update,,https://fortnite.fandom.com/wiki/Chapter_3:_Season_3
3,3,ch3_s3,v21.20,Content_Update,,https://fortnite.fandom.com/wiki/Chapter_3:_Season_3
3,3,ch3_s3,v21.20,Update,,https://fortnite.fandom.com/wiki/Chapter_3:_Season_3
3,3,ch3_s3,v21.20,Content_Update,,https://fortnite.fandom.com/wiki/Chapter_3:_Season_3
3,3,ch3_s3,v21.30,Update,,https://fortnite.fandom.com/wiki/Chapter_3:_Season_3
3,3,ch3_s3,v21.30,Update,,https://fortnite.fandom.com/wiki/Chapter_3:_Season_3
3,3,ch3_s3,v21.40,Update,,https://fortnite.fandom.com/wiki/Chapter_3:_Season_3
3,3,ch3_s3,v21.40,Update,,https://fortnite.fandom.com/wiki/Chapter_3:_Season_3
3,3,ch3_s3,v21.50,Update,,https://fortnite.fandom.com/wiki/Chapter_3:_Season_3
3,3,ch3_s3,v21.50,Update,,https://fortnite.fandom.com/wiki/Chapter_3:_Season_3
3,3,ch3_s3,v21.51,Update,,https://fortnite.fandom.com/wiki/Chapter_3:_Season_3
3,4,ch3_s4,v22.00,Update,,https://fortnite.fandom.com/wiki/Chapter_3:_Season_4
3,4,ch3_s4,v22.00,Update,,https://fortnite.fandom.com/wiki/Chapter_3:_Season_4
3,4,ch3_s4,v22.10,Update,,https://fortnite.fandom.com/wiki/Chapter_3:_Season_4
3,4,ch3_s4,v22.10,Update,,https://fortnite.fandom.com/wiki/Chapter_3:_Season_4
3,4,ch3_s4,v22.10,Content_Update,,https://fortnite.fandom.com/wiki/Chapter_3:_Season_4
3,4,ch3_s4,v22.20,Update,,https://fortnite.fandom.com/wiki/Chapter_3:_Season_4
3,4,ch3_s4,v22.20,Update,,https://fortnite.fandom.com/wiki/Chapter_3:_Season_4
3,4,ch3_s4,v22.30,Update,,https://fortnite.fandom.com/wiki/Chapter_3:_Season_4
3,4,ch3_s4,v22.30,Update,,https://fortnite.fandom.com/wiki/Chapter_3:_Season_4
3,4,ch3_s4,v22.40,Update,,https://fortnite.fandom.com/wiki/Chapter_3:_Season_4
3,4,ch3_s4,v22.40,Update,,https://fortnite.fandom.com/wiki/Chapter_3:_Season_4
4,1,ch4_s1,v23.00,Update,,https://fortnite.fandom.com/wiki/Chapter_4:_Season_1
4,1,ch4_s1,v23.00,Update,,https://fortnite.fandom.com/wiki/Chapter_4:_Season_1
4,1,ch4_s1,v23.10,Update,,https://fortnite.fandom.com/wiki/Chapter_4:_Season_1
4,1,ch4_s1,v23.10,Content_Update,,https://fortnite.fandom.com/wiki/Chapter_4:_Season_1
4,1,ch4_s1,v23.10,Update,,https://fortnite.fandom.com/wiki/Chapter_4:_Season_1
4,1,ch4_s1,v23.10,Update,,https://fortnite.fandom.com/wiki/Chapter_4:_Season_1
4,1,ch4_s1,v23.10,Content_Update,,https://fortnite.fandom.com/wiki/Chapter_4:_Season_1
4,1,ch4_s1,v23.10,Content_Update,,https://fortnite.fandom.com/wiki/Chapter_4:_Season_1
4,1,ch4_s1,v23.20,Update,,https://fortnite.fandom.com/wiki/Chapter_4:_Season_1
4,1,ch4_s1,v23.20,Update,,https://fortnite.fandom.com/wiki/Chapter_4:_Season_1
4,1,ch4_s1,v23.20,Update,,https://fortnite.fandom.com/wiki/Chapter_4:_Season_1
4,1,ch4_s1,v23.20,Update,,https://fortnite.fandom.com/wiki/Chapter_4:_Season_1
4,1,ch4_s1,v23.30,Update,,https://fortnite.fandom.com/wiki/Chapter_4:_Season_1
4,1,ch4_s1,v23.30,Update,,https://fortnite.fandom.com/wiki/Chapter_4:_Season_1
4,1,ch4_s1,v23.30,Update,,https://fortnite.fandom.com/wiki/Chapter_4:_Season_1
4,1,ch4_s1,v23.40,Update,,https://fortnite.fandom.com/wiki/Chapter_4:_Season_1
4,1,ch4_s1,v23.40,Update,,https://fortnite.fandom.com/wiki/Chapter_4:_Season_1
4,1,ch4_s1,v23.50,Update,,https://fortnite.fandom.com/wiki/Chapter_4:_Season_1
4,1,ch4_s1,v23.50,Update,,https://fortnite.fandom.com/wiki/Chapter_4:_Season_1
4,2,ch4_s2,v24.00,Update,,https://fortnite.fandom.com/wiki/Chapter_4:_Season_2
4,2,ch4_s2,v24.00,Update,,https://fortnite.fandom.com/wiki/Chapter_4:_Season_2
4,2,ch4_s2,v24.01,Update,,https://fortnite.fandom.com/wiki/Chapter_4:_Season_2
4,2,ch4_s2,v24.10,Update,,https://fortnite.fandom.com/wiki/Chapter_4:_Season_2
4,2,ch4_s2,v24.10,Update,,https://fortnite.fandom.com/wiki/Chapter_4:_Season_2
4,2,ch4_s2,v24.20,Update,,https://fortnite.fandom.com/wiki/Chapter_4:_Season_2
4,2,ch4_s2,v24.20,Update,,https://fortnite.fandom.com/wiki/Chapter_4:_Season_2
4,2,ch4_s2,v24.20,Update,,https://fortnite.fandom.com/wiki/Chapter_4:_Season_2
4,2,ch4_s2,v24.20,Update,,https://fortnite.fandom.com/wiki/Chapter_4:_Season_2
4,2,ch4_s2,v24.30,Update,,https://fortnite.fandom.com/wiki/Chapter_4:_Season_2
4,2,ch4_s2,v24.30,Update,,https://fortnite.fandom.com/wiki/Chapter_4:_Season_2
4,2,ch4_s2,v24.30,Update,,https://fortnite.fandom.com/wiki/Chapter_4:_Season_2
4,2,ch4_s2,v24.30,Update,,https://fortnite.fandom.com/wiki/Chapter_4:_Season_2
4,2,ch4_s2,v24.40,Update,,https://fortnite.fandom.com/wiki/Chapter_4:_Season_2
4,2,ch4_s2,v24.40,Update,,https://fortnite.fandom.com/wiki/Chapter_4:_Season_2
4,2,ch4_s2,v24.40,Update,,https://fortnite.fandom.com/wiki/Chapter_4:_Season_2
4,3,ch4_s3,v25.00,Update,,https://fortnite.fandom.com/wiki/Chapter_4:_Season_3
4,3,ch4_s3,v25.00,Update,,https://fortnite.fandom.com/wiki/Chapter_4:_Season_3
4,3,ch4_s3,v25.00,Update,,https://fortnite.fandom.com/wiki/Chapter_4:_Season_3
4,3,ch4_s3,v25.10,Update,,https://fortnite.fandom.com/wiki/Chapter_4:_Season_3
4,3,ch4_s3,v25.10,Update,,https://fortnite.fandom.com/wiki/Chapter_4:_Season_3
4,3,ch4_s3,v25.11,Update,,https://fortnite.fandom.com/wiki/Chapter_4:_Season_3
4,3,ch4_s3,v25.11,Update,,https://fortnite.fandom.com/wiki/Chapter_4:_Season_3
4,3,ch4_s3,v25.11,Update,,https://fortnite.fandom.com/wiki/Chapter_4:_Season_3
4,3,ch4_s3,v25.11,Update,,https://fortnite.fandom.com/wiki/Chapter_4:_Season_3
4,3,ch4_s3,v25.11,Update,,https://fortnite.fandom.com/wiki/Chapter_4:_Season_3
4,3,ch4_s3,v25.11,Update,,https://fortnite.fandom.com/wiki/Chapter_4:_Season_3
4,3,ch4_s3,v25.20,Update,,https://fortnite.fandom.com/wiki/Chapter_4:_Season_3
4,3,ch4_s3,v25.20,Update,,https://fortnite.fandom.com/wiki/Chapter_4:_Season_3
4,3,ch4_s3,v25.20,Update,,https://fortnite.fandom.com/wiki/Chapter_4:_Season_3
4,3,ch4_s3,v25.20,Update,,https://fortnite.fandom.com/wiki/Chapter_4:_Season_3
4,3,ch4_s3,v25.30,Update,,https://fortnite.fandom.com/wiki/Chapter_4:_Season_3
4,3,ch4_s3,v25.30,Update,,https://fortnite.fandom.com/wiki/Chapter_4:_Season_3
4,3,ch4_s3,v25.30,Update,,https://fortnite.fandom.com/wiki/Chapter_4:_Season_3
4,3,ch4_s3,v25.30,Update,,https://fortnite.fandom.com/wiki/Chapter_4:_Season_3
4,3,ch4_s3,v25.30,Update,,https://fortnite.fandom.com/wiki/Chapter_4:_Season_3
4,3,ch4_s3,v25.30,Update,,https://fortnite.fandom.com/wiki/Chapter_4:_Season_3
4,4,ch4_s4,v26.00,Update,,https://fortnite.fandom.com/wiki/Chapter_4:_Season_4
4,4,ch4_s4,v26.00,Update,,https://fortnite.fandom.com/wiki/Chapter_4:_Season_4
4,4,ch4_s4,v26.00,Update,,https://fortnite.fandom.com/wiki/Chapter_4:_Season_4
4,4,ch4_s4,v26.10,Update,,https://fortnite.fandom.com/wiki/Chapter_4:_Season_4
4,4,ch4_s4,v26.10,Update,,https://fortnite.fandom.com/wiki/Chapter_4:_Season_4
4,4,ch4_s4,v26.10,Update,,https://fortnite.fandom.com/wiki/Chapter_4:_Season_4
4,4,ch4_s4,v26.20,Update,,https://fortnite.fandom.com/wiki/Chapter_4:_Season_4
4,4,ch4_s4,v26.20,Update,,https://fortnite.fandom.com/wiki/Chapter_4:_Season_4
4,4,ch4_s4,v26.20,Update,,https://fortnite.fandom.com/wiki/Chapter_4:_Season_4
4,4,ch4_s4,v26.30,Update,,https://fortnite.fandom.com/wiki/Chapter_4:_Season_4
4,4,ch4_s4,v26.30,Update,,https://fortnite.fandom.com/wiki/Chapter_4:_Season_4
4,4,ch4_s4,v26.30,Update,,https://fortnite.fandom.com/wiki/Chapter_4:_Season_4
4,4,ch4_s4,v26.30,Update,,https://fortnite.fandom.com/wiki/Chapter_4:_Season_4
4,4,ch4_s4,v26.30,Update,,https://fortnite.fandom.com/wiki/Chapter_4:_Season_4
4,OG,ch4_sog,v27.00,Update,2023-11-03,https://fortnite.fandom.com/wiki/Chapter_4:_Season_OG
4,OG,ch4_sog,v27.00,Update,2023-11-09,https://fortnite.fandom.com/wiki/Chapter_4:_Season_OG
4,OG,ch4_sog,v27.10,Update,2023-11-16,https://fortnite.fandom.com/wiki/Chapter_4:_Season_OG
4,OG,ch4_sog,v27.11,Update,2023-11-23,https://fortnite.fandom.com/wiki/Chapter_4:_Season_OG
4,OG,ch4_sog,v27.00,Update,,https://fortnite.fandom.com/wiki/Chapter_4:_Season_OG
4,OG,ch4_sog,v27.10,Update,,https://fortnite.fandom.com/wiki/Chapter_4:_Season_OG
4,OG,ch4_sog,v27.11,Update,,https://fortnite.fandom.com/wiki/Chapter_4:_Season_OG
4,OG,ch4_sog,v27.11,Update,,https://fortnite.fandom.com/wiki/Chapter_4:_Season_OG
5,1,ch5_s1,v28.00,Update,,https://fortnite.fandom.com/wiki/Chapter_5:_Season_1
5,1,ch5_s1,v28.00,Update,,https://fortnite.fandom.com/wiki/Chapter_5:_Season_1
5,1,ch5_s1,v28.01,Update,,https://fortnite.fandom.com/wiki/Chapter_5:_Season_1
5,1,ch5_s1,v28.01,Update,,https://fortnite.fandom.com/wiki/Chapter_5:_Season_1
5,1,ch5_s1,v28.01,Update,,https://fortnite.fandom.com/wiki/Chapter_5:_Season_1
5,1,ch5_s1,v28.01,Update,,https://fortnite.fandom.com/wiki/Chapter_5:_Season_1
5,1,ch5_s1,v28.01,Update,,https://fortnite.fandom.com/wiki/Chapter_5:_Season_1
5,1,ch5_s1,v28.01,Update,,https://fortnite.fandom.com/wiki/Chapter_5:_Season_1
5,1,ch5_s1,v28.01.01,Update,,https://fortnite.fandom.com/wiki/Chapter_5:_Season_1
5,1,ch5_s1,v28.01.01,Update,,https://fortnite.fandom.com/wiki/Chapter_5:_Season_1
5,1,ch5_s1,v28.01.01,Update,,https://fortnite.fandom.com/wiki/Chapter_5:_Season_1
5,1,ch5_s1,v28.01.01,Update,,https://fortnite.fandom.com/wiki/Chapter_5:_Season_1
5,1,ch5_s1,v28.01.01,Update,,https://fortnite.fandom.com/wiki/Chapter_5:_Season_1
5,1,ch5_s1,v28.10,Update,,https://fortnite.fandom.com/wiki/Chapter_5:_Season_1
5,1,ch5_s1,v28.10,Update,,https://fortnite.fandom.com/wiki/Chapter_5:_Season_1
5,1,ch5_s1,v28.10,Update,,https://fortnite.fandom.com/wiki/Chapter_5:_Season_1
5,1,ch5_s1,v28.20,Update,,https://fortnite.fandom.com/wiki/Chapter_5:_Season_1
5,1,ch5_s1,v28.20,Update,,https://fortnite.fandom.com/wiki/Chapter_5:_Season_1
5,1,ch5_s1,v28.30,Update,,https://fortnite.fandom.com/wiki/Chapter_5:_Season_1
5,1,ch5_s1,v28.30,Update,,https://fortnite.fandom.com/wiki/Chapter_5:_Season_1
5,1,ch5_s1,v28.30,Update,,https://fortnite.fandom.com/wiki/Chapter_5:_Season_1
5,2,ch5_s2,v29.00,Update,,https://fortnite.fandom.com/wiki/Chapter_5:_Season_2
5,2,ch5_s2,v29.00,Update,,https://fortnite.fandom.com/wiki/Chapter_5:_Season_2
5,2,ch5_s2,v29.00,Update,,https://fortnite.fandom.com/wiki/Chapter_5:_Season_2
5,2,ch5_s2,v29.01,Update,,https://fortnite.fandom.com/wiki/Chapter_5:_Season_2
5,2,ch5_s2,v29.01,Update,,https://fortnite.fandom.com/wiki/Chapter_5:_Season_2
5,2,ch5_s2,v29.10,Update,,https://fortnite.fandom.com/wiki/Chapter_5:_Season_2
5,2,ch5_s2,v29.10,Update,,https://fortnite.fandom.com/wiki/Chapter_5:_Season_2
5,2,ch5_s2,v29.10,Update,,https://fortnite.fandom.com/wiki/Chapter_5:_Season_2
5,2,ch5_s2,v29.20,Update,,https://fortnite.fandom.com/wiki/Chapter_5:_Season_2
5,2,ch5_s2,v29.20,Update,,https://fortnite.fandom.com/wiki/Chapter_5:_Season_2
5,2,ch5_s2,v29.20,Update,,https://fortnite.fandom.com/wiki/Chapter_5:_Season_2
5,2,ch5_s2,v29.20,Update,,https://fortnite.fandom.com/wiki/Chapter_5:_Season_2
5,2,ch5_s2,v29.20,Update,,https://fortnite.fandom.com/wiki/Chapter_5:_Season_2
5,2,ch5_s2,v29.20,Update,,https://fortnite.fandom.com/wiki/Chapter_5:_Season_2
5,2,ch5_s2,v29.30,Update,,https://fortnite.fandom.com/wiki/Chapter_5:_Season_2
5,2,ch5_s2,v29.40,Update,,https://fortnite.fandom.com/wiki/Chapter_5:_Season_2
5,2,ch5_s2,v29.40,Update,,https://fortnite.fandom.com/wiki/Chapter_5:_Season_2
5,2,ch5_s2,v29.40,Update,,https://fortnite.fandom.com/wiki/Chapter_5:_Season_2
5,3,ch5_s3,v30.00,Update,,https://fortnite.fandom.com/wiki/Chapter_5:_Season_3
5,3,ch5_s3,v30.00,Update,,https://fortnite.fandom.com/wiki/Chapter_5:_Season_3
5,3,ch5_s3,v30.00,Update,,https://fortnite.fandom.com/wiki/Chapter_5:_Season_3
5,3,ch5_s3,v30.00,Update,,https://fortnite.fandom.com/wiki/Chapter_5:_Season_3
5,3,ch5_s3,v30.10,Update,,https://fortnite.fandom.com/wiki/Chapter_5:_Season_3
5,3,ch5_s3,v30.10,Update,,https://fortnite.fandom.com/wiki/Chapter_5:_Season_3
5,3,ch5_s3,v30.10,Update,,https://fortnite.fandom.com/wiki/Chapter_5:_Season_3
5,3,ch5_s3,v30.20,Update,,https://fortnite.fandom.com/wiki/Chapter_5:_Season_3
5,3,ch5_s3,v30.20,Update,,https://fortnite.fandom.com/wiki/Chapter_5:_Season_3
5,3,ch5_s3,v30.20,Update,,https://fortnite.fandom.com/wiki/Chapter_5:_Season_3
5,3,ch5_s3,v30.20,Update,,https://fortnite.fandom.com/wiki/Chapter_5:_Season_3
5,3,ch5_s3,v30.20,Update,,https://fortnite.fandom.com/wiki/Chapter_5:_Season_3
5,3,ch5_s3,v30.20,Update,,https://fortnite.fandom.com/wiki/Chapter_5:_Season_3
5,3,ch5_s3,v30.20,Update,,https://fortnite.fandom.com/wiki/Chapter_5:_Season_3
5,3,ch5_s3,v30.20,Update,,https://fortnite.fandom.com/wiki/Chapter_5:_Season_3
5,3,ch5_s3,v30.20,Update,,https://fortnite.fandom.com/wiki/Chapter_5:_Season_3
5,3,ch5_s3,v30.30,Update,,https://fortnite.fandom.com/wiki/Chapter_5:_Season_3
5,3,ch5_s3,v30.30,Update,,https://fortnite.fandom.com/wiki/Chapter_5:_Season_3
5,3,ch5_s3,v30.40,Update,,https://fortnite.fandom.com/wiki/Chapter_5:_Season_3
5,3,ch5_s3,v30.40,Update,,https://fortnite.fandom.com/wiki/Chapter_5:_Season_3
5,4,ch5_s4,v31.30,Update,2024-10-01,https://fortnite.fandom.com/wiki/Chapter_5:_Season_4
5,4,ch5_s4,v31.40,Update,2024-10-12,https://fortnite.fandom.com/wiki/Chapter_5:_Season_4
5,4,ch5_s4,v31.40,Update,2024-10-12,https://fortnite.fandom.com/wiki/Chapter_5:_Season_4
5,4,ch5_s4,v31.41,Update,2024-10-25,https://fortnite.fandom.com/wiki/Chapter_5:_Season_4
5,4,ch5_s4,v31.41,Update,2024-11-01,https://fortnite.fandom.com/wiki/Chapter_5:_Season_4
5,4,ch5_s4,v31.00,Update,,https://fortnite.fandom.com/wiki/Chapter_5:_Season_4
5,4,ch5_s4,v31.00,Update,,https://fortnite.fandom.com/wiki/Chapter_5:_Season_4
5,4,ch5_s4,v31.00,Update,,https://fortnite.fandom.com/wiki/Chapter_5:_Season_4
5,4,ch5_s4,v31.10,Update,,https://fortnite.fandom.com/wiki/Chapter_5:_Season_4
5,4,ch5_s4,v31.10,Update,,https://fortnite.fandom.com/wiki/Chapter_5:_Season_4
5,4,ch5_s4,v31.20,Update,,https://fortnite.fandom.com/wiki/Chapter_5:_Season_4
5,4,ch5_s4,v31.20,Update,,https://fortnite.fandom.com/wiki/Chapter_5:_Season_4
5,4,ch5_s4,v31.30,Update,,https://fortnite.fandom.com/wiki/Chapter_5:_Season_4
5,4,ch5_s4,v31.30,Update,,https://fortnite.fandom.com/wiki/Chapter_5:_Season_4
5,4,ch5_s4,v31.40,Update,,https://fortnite.fandom.com/wiki/Chapter_5:_Season_4
6,1,ch6_s1,v33.00,Update,,https://fortnite.fandom.com/wiki/Chapter_6:_Season_1
6,1,ch6_s1,v33.00,Update,,https://fortnite.fandom.com/wiki/Chapter_6:_Season_1
6,1,ch6_s1,v33.10,Update,,https://fortnite.fandom.com/wiki/Chapter_6:_Season_1
6,1,ch6_s1,v33.10,Update,,https://fortnite.fandom.com/wiki/Chapter_6:_Season_1
6,1,ch6_s1,v33.11,Update,,https://fortnite.fandom.com/wiki/Chapter_6:_Season_1
6,1,ch6_s1,v33.11,Update,,https://fortnite.fandom.com/wiki/Chapter_6:_Season_1
6,1,ch6_s1,v33.11,Update,,https://fortnite.fandom.com/wiki/Chapter_6:_Season_1
6,1,ch6_s1,v33.11,Update,,https://fortnite.fandom.com/wiki/Chapter_6:_Season_1
6,1,ch6_s1,v33.11,Update,,https://fortnite.fandom.com/wiki/Chapter_6:_Season_1
6,1,ch6_s1,v33.20,Update,,https://fortnite.fandom.com/wiki/Chapter_6:_Season_1
6,1,ch6_s1,v33.20,Update,,https://fortnite.fandom.com/wiki/Chapter_6:_Season_1
6,1,ch6_s1,v33.20,Update,,https://fortnite.fandom.com/wiki/Chapter_6:_Season_1
6,1,ch6_s1,v33.30,Update,,https://fortnite.fandom.com/wiki/Chapter_6:_Season_1
6,1,ch6_s1,v33.30,Update,,https://fortnite.fandom.com/wiki/Chapter_6:_Season_1
